"ID";"Username";"Contact_Info";"about";"Availability"
71;"akshay.bhosale";"+919876543210";"I am a passionate animal lover and have been volunteering at shelters for many years. I am available to volunteer on weekends.";"Saturday, Sunday"
72;"ashish.kulkarni";"+918765432109";"I am a retired engineer who loves spending time with animals. I am available to volunteer during the week.";"Monday, Wednesday, Friday"
73;"kavita.jadhav";"+917654321098";"I am a student who is passionate about animal welfare. I am available to volunteer on weekends.";"Saturday, Sunday"
74;"mayur.shelar";"+915432109876";"I am a young professional who loves animals. I am available to volunteer after work and on weekends.";"Tuesday, Thursday, Saturday, Sunday"
75;"nikhil.joshi";"+916543210987";"I am a stay-at-home parent who loves animals. I am available to volunteer during the day.";"Monday, Wednesday, Friday"
76;"pooja.shinde";"+914321098765";"I am a retired teacher who loves animals. I am available to volunteer any day of the week.";"Monday, Tuesday, Wednesday, Thursday, Friday, Saturday, Sunday"
77;"prashant.patil";"+913210987654";"I am a student who is passionate about animal welfare. I am available to volunteer on weekends.";"Saturday, Sunday"
78;"priya.patil";"+912109876543";"I am a young professional who loves animals. I am available to volunteer after work and on weekends.";"Tuesday, Thursday, Saturday, Sunday"
79;"riya.deshmukh";"+911098765432";"I am a stay-at-home parent who loves animals. I am available to volunteer during the day.";"Monday, Wednesday, Friday"
80;"rohan.kulkarni";"+919876543210";"I am a retired teacher who loves animals. I am available to volunteer any day of the week.";"Monday, Tuesday, Wednesday, Thursday, Friday, Saturday, Sunday"
81;"ruchita.shinde";"+918765432109";"I am a student who is passionate about animal welfare. I am available to volunteer on weekends.";"Saturday, Sunday"
82;"sanjay.jadhav";"+917654321098";"I am a young professional who loves animals. I am available to volunteer after work and on weekends.";"Tuesday, Thursday, Saturday, Sunday"
83;"santosh.more";"+916543210987";"I am a stay-at-home parent who loves animals. I am available to volunteer during the day.";"Monday, Wednesday, Friday"
84;"sarika.pawar";"+915432109876";"I am a retired teacher who loves animals. I am available to volunteer any day of the week.";"Monday, Tuesday, Wednesday, Thursday, Friday, Saturday, Sunday"
85;"sneha.jadhav";"+914321098765";"I am a student who is passionate about animal welfare. I am available to volunteer on weekends.";"Saturday, Sunday"
